id_site,activity_type
546943,content
546712,content
546998,content
546888,url
547035,content
546614,homepage
546897,url
546678,content
546933,content
546708,content
546995,content
546884,url
547031,content
546891,url
546675,content
546927,content
546705,content
546991,content
546876,content
547027,content
546671,content
546923,content
546702,content
546988,content
546872,content
547024,content
546668,content
546920,content
546699,content
546985,content
546739,content
547021,content
546665,content
546917,content
546695,content
546982,content
546736,content
547018,content
546661,glossary
546692,content
546972,content
546733,content
547014,content
546658,forum
546914,content
546689,content
546968,content
546728,content
547011,content
547066,forum
546655,forum
546910,content
546686,content
546961,content
546723,content
547007,content
546652,forum
546906,content
546954,content
546717,content
547004,content
547042,content
546649,forum
546903,url
546683,content
546948,content
546714,content
547001,content
547037,content
546645,forum
546899,url
546680,content
546942,content
546711,content
546997,content
546887,url
547034,content
546896,url
546677,content
546930,content
546707,content
546994,content
546883,url
547030,content
546890,url
546674,content
546925,content
546704,content
546990,content
546874,content
547026,content
546670,content
546922,content
546701,content
546987,content
546871,content
547023,content
546667,content
546919,content
546697,content
546984,content
546738,content
547020,content
546664,content
546694,content
546975,content
546735,content
547017,content
546660,glossary
546916,content
546691,content
546971,content
546732,content
547013,content
546657,forum
546913,content
546688,content
546966,content
546726,content
547009,content
546654,forum
546909,content
546685,content
546960,content
546721,content
547006,content
546651,forum
546905,url
546952,content
546716,content
547003,content
547040,content
546648,forum
546901,url
546682,content
546947,content
546713,content
547000,content
546889,url
547036,content
546644,forum
546898,url
546679,content
546935,content
546709,content
546996,content
546885,url
547032,content
546894,url
546676,content
546928,content
546706,content
546992,content
546879,content
547028,content
546672,content
546924,content
546703,content
546989,content
546873,content
547025,content
546669,content
546921,content
546700,content
546986,content
546740,content
547022,content
546666,content
546918,content
546696,content
546983,content
546737,content
547019,content
546662,content
546693,content
546974,content
546734,content
547015,content
546659,forum
546915,content
546690,content
546970,content
546731,content
547012,content
547067,forum
546656,forum
546911,content
546687,content
546965,content
546725,content
547008,content
546653,forum
546907,content
546955,content
546719,content
547005,content
547043,content
546650,forum
546904,url
546684,content
546949,content
546715,content
547002,content
547038,content
546647,forum
546900,url
546681,content
